policy,A.1_Dike Investment Costs,A.1_Expected Annual Damage,A.1_Expected Number of Deaths,A.2_Dike Investment Costs,A.2_Expected Annual Damage,A.2_Expected Number of Deaths,A.3_Dike Investment Costs,A.3_Expected Annual Damage,A.3_Expected Number of Deaths,A.4_Dike Investment Costs,A.4_Expected Annual Damage,A.4_Expected Number of Deaths,A.5_Dike Investment Costs,A.5_Expected Annual Damage,A.5_Expected Number of Deaths,RfR Total Costs,Expected Evacuation Costs
58,0,0.0,0.0,65710865.669598736,292275953.1516553,0.038591958198066795,1868530.5714830682,55908139.88102785,0.009568656263118,0.0,104107522.61507551,0.0040899683919500005,9098445.872639254,92085483.78766374,0.008183446788906,90500000.0,27457.571551970745
100,0,0.0,0.0,65710865.669598736,0.0,0.0,0.0,677654412.6302866,0.16318042223972307,8112482.846014832,75969531.0198974,0.0041105306867344,9098445.872639254,413393144.9348556,0.0502716043035582,0.0,28577.779576346395
130,0,0.0,0.051978339231327886,0.0,976168226.7538321,0.0987853629022471,1868530.5714830682,956942612.1596466,0.2571677080372143,6991155.368928563,0.0,0.00015445245675170007,0.0,478530727.6884854,0.056061100151438795,181000000.0,34541.70248470863
